{
    "PM02": "Air Compressor",
    "PM03": "Amada Shear",
    "PM04": "Pneumatic (Assy)",
    "PM05": "AutoSert",
    "PM06": "100-3s Brake",
    "PM07": "RG-50 Press Brake",
    "PM09": "Air Filtration",
    "PM10": "Despatch Oven",
    "PM11": "Grieve Oven",
    "PM12": "HyPress",
    "PM13": "I-Mark",
    "PM15": "Mazak 510c",
    "PM16": "Quick Turn 10",
    "PM17": "Powder Coat",
    "PM18": "Sanding",
    "PM20": "SuperMax",
    "PM23": "Timesaver",
    "PM24": "Tumbler",
    "PM25": "Wisconsin Oven",
    "PM26": "ACER Mill",
    "PM27": "",
    "PM28": "Okuma 560v",
    "PM29": "Mori Seiki NH5000"
}