{
    "Reports": [
        {
            "h2": "Preventive Maintenance",
            "a": "Go to Preventive Maintenance Report",
            "html": "report-pm.html"
        },
        {
            "h2": "SysDoc",
            "a": "Go to SysDoc Report",
            "html": "report-sysdoc.html"
        },
        {
            "h2": "Competence-Training-Awareness",
            "a": "Go to CTA Report",
            "html": "report-cta.html"
        },
        {
            "h2": "CTA - Weld",
            "a": "Go to Weld Report",
            "html": "report-cta-weld.html"
        },
        {
            "h2": "Opportunities for Improvement",
            "a": "Go to OFI Report",
            "html": "report-ofi.html"
        }
        
    ]
}